{"cameraMode":{"drawMode":0,"name":"Shaded","section":"Shading Mode"},"sceneLighting":true,"audioPlay":false,"sceneViewState":{"showFog":true,"showMaterialUpdate":false,"showSkybox":true,"showFlares":true,"showImageEffects":true,"showParticleSystems":true},"in2DMode":false,"pivot":{"x":249.1378631591797,"y":4.422114849090576,"z":249.71142578125},"rotation":{"x":-0.0028374288231134416,"y":0.9971076250076294,"z":-0.04820874333381653,"w":-0.05868908017873764},"size":13.109091758728028,"orthographic":false}